timestamp,model,quant,tier,task,n_shot,metric,value,stderr,samples_original,samples_effective,result_json
2026-04-12 09:13:13,meta-llama/Llama-3.1-8B-Instruct,bf16,tier1,mmlu_abstract_algebra,5,alias,abstract_algebra,N/A,100,100,/home/saketh-msc/quantization/results/accuracy/evals/bf16/meta-llama__Llama-3.1-8B-Instruct/results_2026-04-12T09-13-08.538558.json
2026-04-12 10:42:40,meta-llama/Llama-3.1-8B-Instruct,bf16,tier1,hellaswag,10,alias,hellaswag,N/A,10042,10042,/home/saketh-msc/quantization/results/accuracy/evals/bf16/meta-llama__Llama-3.1-8B-Instruct/results_2026-04-12T10-42-38.872982.json
2026-04-12 10:45:06,meta-llama/Llama-3.1-8B-Instruct,bf16,tier1,winogrande,5,alias,winogrande,N/A,1267,1267,/home/saketh-msc/quantization/results/accuracy/evals/bf16/meta-llama__Llama-3.1-8B-Instruct/results_2026-04-12T10-45-04.304331.json
2026-04-12 10:58:41,meta-llama/Llama-3.1-8B-Instruct,bf16,tier1,arc_challenge,25,alias,arc_challenge,N/A,1172,1172,/home/saketh-msc/quantization/results/accuracy/evals/bf16/meta-llama__Llama-3.1-8B-Instruct/results_2026-04-12T10-58-39.273290.json
2026-04-12 11:01:25,neuralmagic/Meta-Llama-3.1-8B-Instruct-FP8,fp8,tier1,mmlu_abstract_algebra,5,alias,abstract_algebra,N/A,100,100,/home/saketh-msc/quantization/results/accuracy/evals/fp8/neuralmagic__Meta-Llama-3.1-8B-Instruct-FP8/results_2026-04-12T11-01-21.439213.json
2026-04-12 12:19:13,neuralmagic/Meta-Llama-3.1-8B-Instruct-FP8,fp8,tier1,hellaswag,10,alias,hellaswag,N/A,10042,10042,/home/saketh-msc/quantization/results/accuracy/evals/fp8/neuralmagic__Meta-Llama-3.1-8B-Instruct-FP8/results_2026-04-12T12-19-11.162998.json
2026-04-12 12:21:33,neuralmagic/Meta-Llama-3.1-8B-Instruct-FP8,fp8,tier1,winogrande,5,alias,winogrande,N/A,1267,1267,/home/saketh-msc/quantization/results/accuracy/evals/fp8/neuralmagic__Meta-Llama-3.1-8B-Instruct-FP8/results_2026-04-12T12-21-29.815809.json
2026-04-12 12:34:12,neuralmagic/Meta-Llama-3.1-8B-Instruct-FP8,fp8,tier1,arc_challenge,25,alias,arc_challenge,N/A,1172,1172,/home/saketh-msc/quantization/results/accuracy/evals/fp8/neuralmagic__Meta-Llama-3.1-8B-Instruct-FP8/results_2026-04-12T12-34-10.278792.json
2026-04-12 12:37:02,hugging-quants/Meta-Llama-3.1-8B-Instruct-AWQ-INT4,awq,tier1,mmlu_abstract_algebra,5,alias,abstract_algebra,N/A,100,100,/home/saketh-msc/quantization/results/accuracy/evals/awq/hugging-quants__Meta-Llama-3.1-8B-Instruct-AWQ-INT4/results_2026-04-12T12-37-00.070396.json
2026-04-12 14:06:38,hugging-quants/Meta-Llama-3.1-8B-Instruct-AWQ-INT4,awq,tier1,hellaswag,10,alias,hellaswag,N/A,10042,10042,/home/saketh-msc/quantization/results/accuracy/evals/awq/hugging-quants__Meta-Llama-3.1-8B-Instruct-AWQ-INT4/results_2026-04-12T14-06-35.087270.json
2026-04-12 14:09:15,hugging-quants/Meta-Llama-3.1-8B-Instruct-AWQ-INT4,awq,tier1,winogrande,5,alias,winogrande,N/A,1267,1267,/home/saketh-msc/quantization/results/accuracy/evals/awq/hugging-quants__Meta-Llama-3.1-8B-Instruct-AWQ-INT4/results_2026-04-12T14-09-13.717526.json
2026-04-12 14:23:32,hugging-quants/Meta-Llama-3.1-8B-Instruct-AWQ-INT4,awq,tier1,arc_challenge,25,alias,arc_challenge,N/A,1172,1172,/home/saketh-msc/quantization/results/accuracy/evals/awq/hugging-quants__Meta-Llama-3.1-8B-Instruct-AWQ-INT4/results_2026-04-12T14-23-30.095859.json
2026-04-12 14:26:33,hugging-quants/Meta-Llama-3.1-8B-Instruct-GPTQ-INT4,gptq,tier1,mmlu_abstract_algebra,5,alias,abstract_algebra,N/A,100,100,/home/saketh-msc/quantization/results/accuracy/evals/gptq/hugging-quants__Meta-Llama-3.1-8B-Instruct-GPTQ-INT4/results_2026-04-12T14-26-30.594731.json
2026-04-12 15:58:24,hugging-quants/Meta-Llama-3.1-8B-Instruct-GPTQ-INT4,gptq,tier1,hellaswag,10,alias,hellaswag,N/A,10042,10042,/home/saketh-msc/quantization/results/accuracy/evals/gptq/hugging-quants__Meta-Llama-3.1-8B-Instruct-GPTQ-INT4/results_2026-04-12T15-58-22.362152.json
2026-04-12 16:00:54,hugging-quants/Meta-Llama-3.1-8B-Instruct-GPTQ-INT4,gptq,tier1,winogrande,5,alias,winogrande,N/A,1267,1267,/home/saketh-msc/quantization/results/accuracy/evals/gptq/hugging-quants__Meta-Llama-3.1-8B-Instruct-GPTQ-INT4/results_2026-04-12T16-00-51.522480.json
2026-04-12 16:15:49,hugging-quants/Meta-Llama-3.1-8B-Instruct-GPTQ-INT4,gptq,tier1,arc_challenge,25,alias,arc_challenge,N/A,1172,1172,/home/saketh-msc/quantization/results/accuracy/evals/gptq/hugging-quants__Meta-Llama-3.1-8B-Instruct-GPTQ-INT4/results_2026-04-12T16-15-46.911960.json
2026-04-12 16:19:18,deepseek-ai/DeepSeek-R1-Distill-Qwen-14B,bf16,tier1,mmlu_abstract_algebra,5,alias,abstract_algebra,N/A,100,100,/home/saketh-msc/quantization/results/accuracy/evals/bf16/deepseek-ai__DeepSeek-R1-Distill-Qwen-14B/results_2026-04-12T16-19-15.119172.json
2026-04-12 18:03:22,deepseek-ai/DeepSeek-R1-Distill-Qwen-14B,bf16,tier1,hellaswag,10,alias,hellaswag,N/A,10042,10042,/home/saketh-msc/quantization/results/accuracy/evals/bf16/deepseek-ai__DeepSeek-R1-Distill-Qwen-14B/results_2026-04-12T18-03-19.745174.json
2026-04-12 18:05:55,deepseek-ai/DeepSeek-R1-Distill-Qwen-14B,bf16,tier1,winogrande,5,alias,winogrande,N/A,1267,1267,/home/saketh-msc/quantization/results/accuracy/evals/bf16/deepseek-ai__DeepSeek-R1-Distill-Qwen-14B/results_2026-04-12T18-05-53.007348.json
2026-04-12 18:21:09,deepseek-ai/DeepSeek-R1-Distill-Qwen-14B,bf16,tier1,arc_challenge,25,alias,arc_challenge,N/A,1172,1172,/home/saketh-msc/quantization/results/accuracy/evals/bf16/deepseek-ai__DeepSeek-R1-Distill-Qwen-14B/results_2026-04-12T18-21-07.618240.json
2026-04-12 18:24:21,RedHatAI/DeepSeek-R1-Distill-Qwen-14B-FP8-dynamic,fp8,tier1,mmlu_abstract_algebra,5,alias,abstract_algebra,N/A,100,100,/home/saketh-msc/quantization/results/accuracy/evals/fp8/RedHatAI__DeepSeek-R1-Distill-Qwen-14B-FP8-dynamic/results_2026-04-12T18-24-19.974300.json
2026-04-12 19:58:50,RedHatAI/DeepSeek-R1-Distill-Qwen-14B-FP8-dynamic,fp8,tier1,hellaswag,10,alias,hellaswag,N/A,10042,10042,/home/saketh-msc/quantization/results/accuracy/evals/fp8/RedHatAI__DeepSeek-R1-Distill-Qwen-14B-FP8-dynamic/results_2026-04-12T19-58-48.824838.json
2026-04-12 20:01:25,RedHatAI/DeepSeek-R1-Distill-Qwen-14B-FP8-dynamic,fp8,tier1,winogrande,5,alias,winogrande,N/A,1267,1267,/home/saketh-msc/quantization/results/accuracy/evals/fp8/RedHatAI__DeepSeek-R1-Distill-Qwen-14B-FP8-dynamic/results_2026-04-12T20-01-22.631195.json
2026-04-12 20:15:20,RedHatAI/DeepSeek-R1-Distill-Qwen-14B-FP8-dynamic,fp8,tier1,arc_challenge,25,alias,arc_challenge,N/A,1172,1172,/home/saketh-msc/quantization/results/accuracy/evals/fp8/RedHatAI__DeepSeek-R1-Distill-Qwen-14B-FP8-dynamic/results_2026-04-12T20-15-18.350135.json
2026-04-12 20:18:33,Corianas/DeepSeek-R1-Distill-Qwen-14B-AWQ,awq,tier1,mmlu_abstract_algebra,5,alias,abstract_algebra,N/A,100,100,/home/saketh-msc/quantization/results/accuracy/evals/awq/Corianas__DeepSeek-R1-Distill-Qwen-14B-AWQ/results_2026-04-12T20-18-29.792641.json
2026-04-12 22:10:13,Corianas/DeepSeek-R1-Distill-Qwen-14B-AWQ,awq,tier1,hellaswag,10,alias,hellaswag,N/A,10042,10042,/home/saketh-msc/quantization/results/accuracy/evals/awq/Corianas__DeepSeek-R1-Distill-Qwen-14B-AWQ/results_2026-04-12T22-10-11.494022.json
2026-04-12 22:13:08,Corianas/DeepSeek-R1-Distill-Qwen-14B-AWQ,awq,tier1,winogrande,5,alias,winogrande,N/A,1267,1267,/home/saketh-msc/quantization/results/accuracy/evals/awq/Corianas__DeepSeek-R1-Distill-Qwen-14B-AWQ/results_2026-04-12T22-13-05.807243.json
2026-04-12 22:29:10,Corianas/DeepSeek-R1-Distill-Qwen-14B-AWQ,awq,tier1,arc_challenge,25,alias,arc_challenge,N/A,1172,1172,/home/saketh-msc/quantization/results/accuracy/evals/awq/Corianas__DeepSeek-R1-Distill-Qwen-14B-AWQ/results_2026-04-12T22-29-07.725024.json
2026-04-12 22:32:24,RedHatAI/DeepSeek-R1-Distill-Qwen-14B-quantized.w4a16,gptq,tier1,mmlu_abstract_algebra,5,alias,abstract_algebra,N/A,100,100,/home/saketh-msc/quantization/results/accuracy/evals/gptq/RedHatAI__DeepSeek-R1-Distill-Qwen-14B-quantized.w4a16/results_2026-04-12T22-32-22.709250.json
2026-04-13 00:24:44,RedHatAI/DeepSeek-R1-Distill-Qwen-14B-quantized.w4a16,gptq,tier1,hellaswag,10,alias,hellaswag,N/A,10042,10042,/home/saketh-msc/quantization/results/accuracy/evals/gptq/RedHatAI__DeepSeek-R1-Distill-Qwen-14B-quantized.w4a16/results_2026-04-13T00-24-43.937661.json
2026-04-13 00:27:35,RedHatAI/DeepSeek-R1-Distill-Qwen-14B-quantized.w4a16,gptq,tier1,winogrande,5,alias,winogrande,N/A,1267,1267,/home/saketh-msc/quantization/results/accuracy/evals/gptq/RedHatAI__DeepSeek-R1-Distill-Qwen-14B-quantized.w4a16/results_2026-04-13T00-27-30.794934.json
2026-04-13 00:43:59,RedHatAI/DeepSeek-R1-Distill-Qwen-14B-quantized.w4a16,gptq,tier1,arc_challenge,25,alias,arc_challenge,N/A,1172,1172,/home/saketh-msc/quantization/results/accuracy/evals/gptq/RedHatAI__DeepSeek-R1-Distill-Qwen-14B-quantized.w4a16/results_2026-04-13T00-43-56.449729.json
2026-04-13 00:47:48,deepseek-ai/DeepSeek-R1-Distill-Qwen-32B,bf16,tier1,mmlu_abstract_algebra,5,alias,abstract_algebra,N/A,100,100,/home/saketh-msc/quantization/results/accuracy/evals/bf16/deepseek-ai__DeepSeek-R1-Distill-Qwen-32B/results_2026-04-13T00-47-46.861876.json
2026-04-13 03:32:18,deepseek-ai/DeepSeek-R1-Distill-Qwen-32B,bf16,tier1,hellaswag,10,alias,hellaswag,N/A,10042,10042,/home/saketh-msc/quantization/results/accuracy/evals/bf16/deepseek-ai__DeepSeek-R1-Distill-Qwen-32B/results_2026-04-13T03-32-16.684149.json
2026-04-13 03:35:39,deepseek-ai/DeepSeek-R1-Distill-Qwen-32B,bf16,tier1,winogrande,5,alias,winogrande,N/A,1267,1267,/home/saketh-msc/quantization/results/accuracy/evals/bf16/deepseek-ai__DeepSeek-R1-Distill-Qwen-32B/results_2026-04-13T03-35-36.433211.json
2026-04-13 03:59:07,deepseek-ai/DeepSeek-R1-Distill-Qwen-32B,bf16,tier1,arc_challenge,25,alias,arc_challenge,N/A,1172,1172,/home/saketh-msc/quantization/results/accuracy/evals/bf16/deepseek-ai__DeepSeek-R1-Distill-Qwen-32B/results_2026-04-13T03-59-04.194638.json
2026-04-13 04:03:05,neuralmagic/DeepSeek-R1-Distill-Qwen-32B-FP8-dynamic,fp8,tier1,mmlu_abstract_algebra,5,alias,abstract_algebra,N/A,100,100,/home/saketh-msc/quantization/results/accuracy/evals/fp8/neuralmagic__DeepSeek-R1-Distill-Qwen-32B-FP8-dynamic/results_2026-04-13T04-03-03.298119.json
2026-04-13 06:26:53,neuralmagic/DeepSeek-R1-Distill-Qwen-32B-FP8-dynamic,fp8,tier1,hellaswag,10,alias,hellaswag,N/A,10042,10042,/home/saketh-msc/quantization/results/accuracy/evals/fp8/neuralmagic__DeepSeek-R1-Distill-Qwen-32B-FP8-dynamic/results_2026-04-13T06-26-51.292420.json
2026-04-13 06:30:31,neuralmagic/DeepSeek-R1-Distill-Qwen-32B-FP8-dynamic,fp8,tier1,winogrande,5,alias,winogrande,N/A,1267,1267,/home/saketh-msc/quantization/results/accuracy/evals/fp8/neuralmagic__DeepSeek-R1-Distill-Qwen-32B-FP8-dynamic/results_2026-04-13T06-30-28.324368.json
2026-04-13 06:50:57,neuralmagic/DeepSeek-R1-Distill-Qwen-32B-FP8-dynamic,fp8,tier1,arc_challenge,25,alias,arc_challenge,N/A,1172,1172,/home/saketh-msc/quantization/results/accuracy/evals/fp8/neuralmagic__DeepSeek-R1-Distill-Qwen-32B-FP8-dynamic/results_2026-04-13T06-50-54.264264.json
2026-04-13 06:54:56,inarikami/DeepSeek-R1-Distill-Qwen-32B-AWQ,awq,tier1,mmlu_abstract_algebra,5,alias,abstract_algebra,N/A,100,100,/home/saketh-msc/quantization/results/accuracy/evals/awq/inarikami__DeepSeek-R1-Distill-Qwen-32B-AWQ/results_2026-04-13T06-54-52.951813.json
2026-04-13 09:57:36,inarikami/DeepSeek-R1-Distill-Qwen-32B-AWQ,awq,tier1,hellaswag,10,alias,hellaswag,N/A,10042,10042,/home/saketh-msc/quantization/results/accuracy/evals/awq/inarikami__DeepSeek-R1-Distill-Qwen-32B-AWQ/results_2026-04-13T09-57-34.191961.json
2026-04-13 10:01:46,inarikami/DeepSeek-R1-Distill-Qwen-32B-AWQ,awq,tier1,winogrande,5,alias,winogrande,N/A,1267,1267,/home/saketh-msc/quantization/results/accuracy/evals/awq/inarikami__DeepSeek-R1-Distill-Qwen-32B-AWQ/results_2026-04-13T10-01-44.323901.json
2026-04-13 10:27:16,inarikami/DeepSeek-R1-Distill-Qwen-32B-AWQ,awq,tier1,arc_challenge,25,alias,arc_challenge,N/A,1172,1172,/home/saketh-msc/quantization/results/accuracy/evals/awq/inarikami__DeepSeek-R1-Distill-Qwen-32B-AWQ/results_2026-04-13T10-27-11.793414.json
2026-04-13 10:31:00,dwetzel/DeepSeek-R1-Distill-Qwen-32B-GPTQ-INT4,gptq,tier1,mmlu_abstract_algebra,5,alias,abstract_algebra,N/A,100,100,/home/saketh-msc/quantization/results/accuracy/evals/gptq/dwetzel__DeepSeek-R1-Distill-Qwen-32B-GPTQ-INT4/results_2026-04-13T10-30-58.456837.json
2026-04-13 13:22:22,dwetzel/DeepSeek-R1-Distill-Qwen-32B-GPTQ-INT4,gptq,tier1,hellaswag,10,alias,hellaswag,N/A,10042,10042,/home/saketh-msc/quantization/results/accuracy/evals/gptq/dwetzel__DeepSeek-R1-Distill-Qwen-32B-GPTQ-INT4/results_2026-04-13T13-22-22.097781.json
2026-04-13 13:25:32,dwetzel/DeepSeek-R1-Distill-Qwen-32B-GPTQ-INT4,gptq,tier1,winogrande,5,alias,winogrande,N/A,1267,1267,/home/saketh-msc/quantization/results/accuracy/evals/gptq/dwetzel__DeepSeek-R1-Distill-Qwen-32B-GPTQ-INT4/results_2026-04-13T13-25-31.752018.json
2026-04-13 13:45:53,dwetzel/DeepSeek-R1-Distill-Qwen-32B-GPTQ-INT4,gptq,tier1,arc_challenge,25,alias,arc_challenge,N/A,1172,1172,/home/saketh-msc/quantization/results/accuracy/evals/gptq/dwetzel__DeepSeek-R1-Distill-Qwen-32B-GPTQ-INT4/results_2026-04-13T13-45-52.967207.json
2026-04-13 14:49:20,deepseek-ai/DeepSeek-R1-Distill-Qwen-7B,bf16,tier1,mmlu_abstract_algebra,5,alias,abstract_algebra,N/A,100,100,/home/saketh-msc/quantization/results/accuracy/evals/bf16/deepseek-ai__DeepSeek-R1-Distill-Qwen-7B/results_2026-04-13T14-49-19.487063.json
2026-04-13 14:57:35,deepseek-ai/DeepSeek-R1-Distill-Qwen-7B,bf16,tier1,mmlu_abstract_algebra,5,alias,abstract_algebra,N/A,100,100,/home/saketh-msc/quantization/results/accuracy/evals/bf16/deepseek-ai__DeepSeek-R1-Distill-Qwen-7B/results_2026-04-13T14-57-35.352008.json
2026-04-13 15:46:53,deepseek-ai/DeepSeek-R1-Distill-Qwen-7B,bf16,tier1,hellaswag,10,alias,hellaswag,N/A,10042,10042,/home/saketh-msc/quantization/results/accuracy/evals/bf16/deepseek-ai__DeepSeek-R1-Distill-Qwen-7B/results_2026-04-13T15-46-52.823053.json
2026-04-13 15:47:59,deepseek-ai/DeepSeek-R1-Distill-Qwen-7B,bf16,tier1,winogrande,5,alias,winogrande,N/A,1267,1267,/home/saketh-msc/quantization/results/accuracy/evals/bf16/deepseek-ai__DeepSeek-R1-Distill-Qwen-7B/results_2026-04-13T15-47-58.995501.json
2026-04-13 15:54:52,deepseek-ai/DeepSeek-R1-Distill-Qwen-7B,bf16,tier1,arc_challenge,25,alias,arc_challenge,N/A,1172,1172,/home/saketh-msc/quantization/results/accuracy/evals/bf16/deepseek-ai__DeepSeek-R1-Distill-Qwen-7B/results_2026-04-13T15-54-51.384925.json
2026-04-13 16:09:19,neuralmagic/DeepSeek-R1-Distill-Qwen-7B-FP8-dynamic,fp8,tier1,mmlu_abstract_algebra,5,alias,abstract_algebra,N/A,100,100,/home/saketh-msc/quantization/results/accuracy/evals/fp8/neuralmagic__DeepSeek-R1-Distill-Qwen-7B-FP8-dynamic/results_2026-04-13T16-09-18.791253.json
2026-04-13 16:55:11,neuralmagic/DeepSeek-R1-Distill-Qwen-7B-FP8-dynamic,fp8,tier1,hellaswag,10,alias,hellaswag,N/A,10042,10042,/home/saketh-msc/quantization/results/accuracy/evals/fp8/neuralmagic__DeepSeek-R1-Distill-Qwen-7B-FP8-dynamic/results_2026-04-13T16-55-10.552161.json
2026-04-13 16:56:21,neuralmagic/DeepSeek-R1-Distill-Qwen-7B-FP8-dynamic,fp8,tier1,winogrande,5,alias,winogrande,N/A,1267,1267,/home/saketh-msc/quantization/results/accuracy/evals/fp8/neuralmagic__DeepSeek-R1-Distill-Qwen-7B-FP8-dynamic/results_2026-04-13T16-56-20.567684.json
2026-04-13 17:02:47,neuralmagic/DeepSeek-R1-Distill-Qwen-7B-FP8-dynamic,fp8,tier1,arc_challenge,25,alias,arc_challenge,N/A,1172,1172,/home/saketh-msc/quantization/results/accuracy/evals/fp8/neuralmagic__DeepSeek-R1-Distill-Qwen-7B-FP8-dynamic/results_2026-04-13T17-02-46.788451.json
2026-04-13 17:04:11,AngelSlim/Deepseek_r1_distill_qwen-7b_int4_awq,awq,tier1,mmlu_abstract_algebra,5,alias,abstract_algebra,N/A,100,100,/home/saketh-msc/quantization/results/accuracy/evals/awq/AngelSlim__Deepseek_r1_distill_qwen-7b_int4_awq/results_2026-04-13T17-04-11.079365.json
2026-04-13 17:58:21,AngelSlim/Deepseek_r1_distill_qwen-7b_int4_awq,awq,tier1,hellaswag,10,alias,hellaswag,N/A,10042,10042,/home/saketh-msc/quantization/results/accuracy/evals/awq/AngelSlim__Deepseek_r1_distill_qwen-7b_int4_awq/results_2026-04-13T17-58-20.663053.json
2026-04-13 17:59:38,AngelSlim/Deepseek_r1_distill_qwen-7b_int4_awq,awq,tier1,winogrande,5,alias,winogrande,N/A,1267,1267,/home/saketh-msc/quantization/results/accuracy/evals/awq/AngelSlim__Deepseek_r1_distill_qwen-7b_int4_awq/results_2026-04-13T17-59-37.365208.json
2026-04-13 18:07:03,AngelSlim/Deepseek_r1_distill_qwen-7b_int4_awq,awq,tier1,arc_challenge,25,alias,arc_challenge,N/A,1172,1172,/home/saketh-msc/quantization/results/accuracy/evals/awq/AngelSlim__Deepseek_r1_distill_qwen-7b_int4_awq/results_2026-04-13T18-07-03.194850.json
2026-04-13 18:08:28,jakiAJK/DeepSeek-R1-Distill-Qwen-7B_GPTQ-int4,gptq,tier1,mmlu_abstract_algebra,5,alias,abstract_algebra,N/A,100,100,/home/saketh-msc/quantization/results/accuracy/evals/gptq/jakiAJK__DeepSeek-R1-Distill-Qwen-7B_GPTQ-int4/results_2026-04-13T18-08-27.634162.json
2026-04-13 19:01:57,jakiAJK/DeepSeek-R1-Distill-Qwen-7B_GPTQ-int4,gptq,tier1,hellaswag,10,alias,hellaswag,N/A,10042,10042,/home/saketh-msc/quantization/results/accuracy/evals/gptq/jakiAJK__DeepSeek-R1-Distill-Qwen-7B_GPTQ-int4/results_2026-04-13T19-01-57.197750.json
2026-04-13 19:03:12,jakiAJK/DeepSeek-R1-Distill-Qwen-7B_GPTQ-int4,gptq,tier1,winogrande,5,alias,winogrande,N/A,1267,1267,/home/saketh-msc/quantization/results/accuracy/evals/gptq/jakiAJK__DeepSeek-R1-Distill-Qwen-7B_GPTQ-int4/results_2026-04-13T19-03-11.783238.json
2026-04-13 19:10:35,jakiAJK/DeepSeek-R1-Distill-Qwen-7B_GPTQ-int4,gptq,tier1,arc_challenge,25,alias,arc_challenge,N/A,1172,1172,/home/saketh-msc/quantization/results/accuracy/evals/gptq/jakiAJK__DeepSeek-R1-Distill-Qwen-7B_GPTQ-int4/results_2026-04-13T19-10-35.068994.json
2026-04-13 19:12:55,Qwen/Qwen3-32B,bf16,tier1,mmlu_abstract_algebra,5,alias,abstract_algebra,N/A,100,100,/home/saketh-msc/quantization/results/accuracy/evals/bf16/Qwen__Qwen3-32B/results_2026-04-13T19-12-55.105808.json
2026-04-13 21:54:17,Qwen/Qwen3-32B,bf16,tier1,hellaswag,10,alias,hellaswag,N/A,10042,10042,/home/saketh-msc/quantization/results/accuracy/evals/bf16/Qwen__Qwen3-32B/results_2026-04-13T21-54-16.345892.json
2026-04-13 21:57:06,Qwen/Qwen3-32B,bf16,tier1,winogrande,5,alias,winogrande,N/A,1267,1267,/home/saketh-msc/quantization/results/accuracy/evals/bf16/Qwen__Qwen3-32B/results_2026-04-13T21-57-05.287216.json
2026-04-13 22:21:31,Qwen/Qwen3-32B,bf16,tier1,arc_challenge,25,alias,arc_challenge,N/A,1172,1172,/home/saketh-msc/quantization/results/accuracy/evals/bf16/Qwen__Qwen3-32B/results_2026-04-13T22-21-31.009458.json
2026-04-13 22:25:43,Qwen/Qwen3-32B-FP8,fp8,tier1,mmlu_abstract_algebra,5,alias,abstract_algebra,N/A,100,100,/home/saketh-msc/quantization/results/accuracy/evals/fp8/Qwen__Qwen3-32B-FP8/results_2026-04-13T22-25-42.988437.json
2026-04-14 00:28:50,Qwen/Qwen3-32B-FP8,fp8,tier1,hellaswag,10,alias,hellaswag,N/A,10042,10042,/home/saketh-msc/quantization/results/accuracy/evals/fp8/Qwen__Qwen3-32B-FP8/results_2026-04-14T00-28-50.279135.json
2026-04-14 00:31:07,Qwen/Qwen3-32B-FP8,fp8,tier1,winogrande,5,alias,winogrande,N/A,1267,1267,/home/saketh-msc/quantization/results/accuracy/evals/fp8/Qwen__Qwen3-32B-FP8/results_2026-04-14T00-31-07.131458.json
2026-04-14 00:48:53,Qwen/Qwen3-32B-FP8,fp8,tier1,arc_challenge,25,alias,arc_challenge,N/A,1172,1172,/home/saketh-msc/quantization/results/accuracy/evals/fp8/Qwen__Qwen3-32B-FP8/results_2026-04-14T00-48-53.113271.json
2026-04-14 00:51:19,Qwen/Qwen3-32B-AWQ,awq,tier1,mmlu_abstract_algebra,5,alias,abstract_algebra,N/A,100,100,/home/saketh-msc/quantization/results/accuracy/evals/awq/Qwen__Qwen3-32B-AWQ/results_2026-04-14T00-51-18.299711.json
2026-04-14 03:45:33,Qwen/Qwen3-32B-AWQ,awq,tier1,hellaswag,10,alias,hellaswag,N/A,10042,10042,/home/saketh-msc/quantization/results/accuracy/evals/awq/Qwen__Qwen3-32B-AWQ/results_2026-04-14T03-45-32.724813.json
2026-04-14 03:48:45,Qwen/Qwen3-32B-AWQ,awq,tier1,winogrande,5,alias,winogrande,N/A,1267,1267,/home/saketh-msc/quantization/results/accuracy/evals/awq/Qwen__Qwen3-32B-AWQ/results_2026-04-14T03-48-44.532551.json
2026-04-14 04:13:16,Qwen/Qwen3-32B-AWQ,awq,tier1,arc_challenge,25,alias,arc_challenge,N/A,1172,1172,/home/saketh-msc/quantization/results/accuracy/evals/awq/Qwen__Qwen3-32B-AWQ/results_2026-04-14T04-13-15.303531.json
2026-04-14 04:15:31,JunHowie/Qwen3-32B-GPTQ-Int4,gptq,tier1,mmlu_abstract_algebra,5,alias,abstract_algebra,N/A,100,100,/home/saketh-msc/quantization/results/accuracy/evals/gptq/JunHowie__Qwen3-32B-GPTQ-Int4/results_2026-04-14T04-15-30.739814.json
2026-04-14 07:05:47,JunHowie/Qwen3-32B-GPTQ-Int4,gptq,tier1,hellaswag,10,alias,hellaswag,N/A,10042,10042,/home/saketh-msc/quantization/results/accuracy/evals/gptq/JunHowie__Qwen3-32B-GPTQ-Int4/results_2026-04-14T07-05-46.580277.json
2026-04-14 07:08:59,JunHowie/Qwen3-32B-GPTQ-Int4,gptq,tier1,winogrande,5,alias,winogrande,N/A,1267,1267,/home/saketh-msc/quantization/results/accuracy/evals/gptq/JunHowie__Qwen3-32B-GPTQ-Int4/results_2026-04-14T07-08-59.026694.json
2026-04-14 07:33:09,JunHowie/Qwen3-32B-GPTQ-Int4,gptq,tier1,arc_challenge,25,alias,arc_challenge,N/A,1172,1172,/home/saketh-msc/quantization/results/accuracy/evals/gptq/JunHowie__Qwen3-32B-GPTQ-Int4/results_2026-04-14T07-33-08.938773.json
2026-04-14 07:34:44,Qwen/Qwen3-8B,bf16,tier1,mmlu_abstract_algebra,5,alias,abstract_algebra,N/A,100,100,/home/saketh-msc/quantization/results/accuracy/evals/bf16/Qwen__Qwen3-8B/results_2026-04-14T07-34-44.074358.json
2026-04-14 08:30:56,Qwen/Qwen3-8B,bf16,tier1,hellaswag,10,alias,hellaswag,N/A,10042,10042,/home/saketh-msc/quantization/results/accuracy/evals/bf16/Qwen__Qwen3-8B/results_2026-04-14T08-30-55.930180.json
2026-04-14 08:32:13,Qwen/Qwen3-8B,bf16,tier1,winogrande,5,alias,winogrande,N/A,1267,1267,/home/saketh-msc/quantization/results/accuracy/evals/bf16/Qwen__Qwen3-8B/results_2026-04-14T08-32-13.104549.json
2026-04-14 08:40:32,Qwen/Qwen3-8B,bf16,tier1,arc_challenge,25,alias,arc_challenge,N/A,1172,1172,/home/saketh-msc/quantization/results/accuracy/evals/bf16/Qwen__Qwen3-8B/results_2026-04-14T08-40-31.503584.json
2026-04-14 08:44:15,Qwen/Qwen3-8B-FP8,fp8,tier1,mmlu_abstract_algebra,5,alias,abstract_algebra,N/A,100,100,/home/saketh-msc/quantization/results/accuracy/evals/fp8/Qwen__Qwen3-8B-FP8/results_2026-04-14T08-44-14.797744.json
2026-04-14 09:33:00,Qwen/Qwen3-8B-FP8,fp8,tier1,hellaswag,10,alias,hellaswag,N/A,10042,10042,/home/saketh-msc/quantization/results/accuracy/evals/fp8/Qwen__Qwen3-8B-FP8/results_2026-04-14T09-33-00.041705.json
2026-04-14 09:34:12,Qwen/Qwen3-8B-FP8,fp8,tier1,winogrande,5,alias,winogrande,N/A,1267,1267,/home/saketh-msc/quantization/results/accuracy/evals/fp8/Qwen__Qwen3-8B-FP8/results_2026-04-14T09-34-11.600961.json
2026-04-14 09:41:21,Qwen/Qwen3-8B-FP8,fp8,tier1,arc_challenge,25,alias,arc_challenge,N/A,1172,1172,/home/saketh-msc/quantization/results/accuracy/evals/fp8/Qwen__Qwen3-8B-FP8/results_2026-04-14T09-41-20.543177.json
2026-04-14 09:42:58,Qwen/Qwen3-8B-AWQ,awq,tier1,mmlu_abstract_algebra,5,alias,abstract_algebra,N/A,100,100,/home/saketh-msc/quantization/results/accuracy/evals/awq/Qwen__Qwen3-8B-AWQ/results_2026-04-14T09-42-57.371115.json
2026-04-14 10:44:40,Qwen/Qwen3-8B-AWQ,awq,tier1,hellaswag,10,alias,hellaswag,N/A,10042,10042,/home/saketh-msc/quantization/results/accuracy/evals/awq/Qwen__Qwen3-8B-AWQ/results_2026-04-14T10-44-39.611300.json
2026-04-14 10:46:08,Qwen/Qwen3-8B-AWQ,awq,tier1,winogrande,5,alias,winogrande,N/A,1267,1267,/home/saketh-msc/quantization/results/accuracy/evals/awq/Qwen__Qwen3-8B-AWQ/results_2026-04-14T10-46-08.040607.json
2026-04-14 10:55:15,Qwen/Qwen3-8B-AWQ,awq,tier1,arc_challenge,25,alias,arc_challenge,N/A,1172,1172,/home/saketh-msc/quantization/results/accuracy/evals/awq/Qwen__Qwen3-8B-AWQ/results_2026-04-14T10-55-14.701922.json
2026-04-14 10:56:51,JunHowie/Qwen3-8B-GPTQ-Int4,gptq,tier1,mmlu_abstract_algebra,5,alias,abstract_algebra,N/A,100,100,/home/saketh-msc/quantization/results/accuracy/evals/gptq/JunHowie__Qwen3-8B-GPTQ-Int4/results_2026-04-14T10-56-51.029179.json
2026-04-14 11:58:11,JunHowie/Qwen3-8B-GPTQ-Int4,gptq,tier1,hellaswag,10,alias,hellaswag,N/A,10042,10042,/home/saketh-msc/quantization/results/accuracy/evals/gptq/JunHowie__Qwen3-8B-GPTQ-Int4/results_2026-04-14T11-58-10.348859.json
2026-04-14 11:59:37,JunHowie/Qwen3-8B-GPTQ-Int4,gptq,tier1,winogrande,5,alias,winogrande,N/A,1267,1267,/home/saketh-msc/quantization/results/accuracy/evals/gptq/JunHowie__Qwen3-8B-GPTQ-Int4/results_2026-04-14T11-59-36.596334.json
2026-04-14 12:08:31,JunHowie/Qwen3-8B-GPTQ-Int4,gptq,tier1,arc_challenge,25,alias,arc_challenge,N/A,1172,1172,/home/saketh-msc/quantization/results/accuracy/evals/gptq/JunHowie__Qwen3-8B-GPTQ-Int4/results_2026-04-14T12-08-30.558538.json
2026-04-14 12:09:54,Qwen/Qwen2.5-7B-Instruct,bf16,tier1,mmlu_abstract_algebra,5,alias,abstract_algebra,N/A,100,100,/home/saketh-msc/quantization/results/accuracy/evals/bf16/Qwen__Qwen2.5-7B-Instruct/results_2026-04-14T12-09-53.828558.json
2026-04-14 13:15:23,Qwen/Qwen2.5-7B-Instruct,bf16,tier1,hellaswag,10,alias,hellaswag,N/A,10042,10042,/home/saketh-msc/quantization/results/accuracy/evals/bf16/Qwen__Qwen2.5-7B-Instruct/results_2026-04-14T13-15-22.190535.json
2026-04-14 13:17:09,Qwen/Qwen2.5-7B-Instruct,bf16,tier1,winogrande,5,alias,winogrande,N/A,1267,1267,/home/saketh-msc/quantization/results/accuracy/evals/bf16/Qwen__Qwen2.5-7B-Instruct/results_2026-04-14T13-17-08.912328.json
2026-04-14 13:28:03,Qwen/Qwen2.5-7B-Instruct,bf16,tier1,arc_challenge,25,alias,arc_challenge,N/A,1172,1172,/home/saketh-msc/quantization/results/accuracy/evals/bf16/Qwen__Qwen2.5-7B-Instruct/results_2026-04-14T13-28-02.266878.json
2026-04-14 13:30:24,neuralmagic/Qwen2.5-7B-Instruct-FP8-Dynamic,fp8,tier1,mmlu_abstract_algebra,5,alias,abstract_algebra,N/A,100,100,/home/saketh-msc/quantization/results/accuracy/evals/fp8/neuralmagic__Qwen2.5-7B-Instruct-FP8-Dynamic/results_2026-04-14T13-30-23.332864.json
2026-04-14 14:38:28,neuralmagic/Qwen2.5-7B-Instruct-FP8-Dynamic,fp8,tier1,hellaswag,10,alias,hellaswag,N/A,10042,10042,/home/saketh-msc/quantization/results/accuracy/evals/fp8/neuralmagic__Qwen2.5-7B-Instruct-FP8-Dynamic/results_2026-04-14T14-38-27.476718.json
2026-04-14 14:40:15,neuralmagic/Qwen2.5-7B-Instruct-FP8-Dynamic,fp8,tier1,winogrande,5,alias,winogrande,N/A,1267,1267,/home/saketh-msc/quantization/results/accuracy/evals/fp8/neuralmagic__Qwen2.5-7B-Instruct-FP8-Dynamic/results_2026-04-14T14-40-13.554985.json
2026-04-14 14:50:41,neuralmagic/Qwen2.5-7B-Instruct-FP8-Dynamic,fp8,tier1,arc_challenge,25,alias,arc_challenge,N/A,1172,1172,/home/saketh-msc/quantization/results/accuracy/evals/fp8/neuralmagic__Qwen2.5-7B-Instruct-FP8-Dynamic/results_2026-04-14T14-50-40.216154.json
2026-04-14 14:53:00,Qwen/Qwen2.5-7B-Instruct-AWQ,awq,tier1,mmlu_abstract_algebra,5,alias,abstract_algebra,N/A,100,100,/home/saketh-msc/quantization/results/accuracy/evals/awq/Qwen__Qwen2.5-7B-Instruct-AWQ/results_2026-04-14T14-52-57.968677.json
2026-04-14 16:11:21,Qwen/Qwen2.5-7B-Instruct-AWQ,awq,tier1,hellaswag,10,alias,hellaswag,N/A,10042,10042,/home/saketh-msc/quantization/results/accuracy/evals/awq/Qwen__Qwen2.5-7B-Instruct-AWQ/results_2026-04-14T16-11-20.531659.json
2026-04-14 16:13:10,Qwen/Qwen2.5-7B-Instruct-AWQ,awq,tier1,winogrande,5,alias,winogrande,N/A,1267,1267,/home/saketh-msc/quantization/results/accuracy/evals/awq/Qwen__Qwen2.5-7B-Instruct-AWQ/results_2026-04-14T16-13-10.004682.json
2026-04-14 16:24:35,Qwen/Qwen2.5-7B-Instruct-AWQ,awq,tier1,arc_challenge,25,alias,arc_challenge,N/A,1172,1172,/home/saketh-msc/quantization/results/accuracy/evals/awq/Qwen__Qwen2.5-7B-Instruct-AWQ/results_2026-04-14T16-24-34.043586.json
2026-04-14 16:26:49,Qwen/Qwen2.5-7B-Instruct-GPTQ-Int4,gptq,tier1,mmlu_abstract_algebra,5,alias,abstract_algebra,N/A,100,100,/home/saketh-msc/quantization/results/accuracy/evals/gptq/Qwen__Qwen2.5-7B-Instruct-GPTQ-Int4/results_2026-04-14T16-26-47.644294.json
2026-04-14 17:43:35,Qwen/Qwen2.5-7B-Instruct-GPTQ-Int4,gptq,tier1,hellaswag,10,alias,hellaswag,N/A,10042,10042,/home/saketh-msc/quantization/results/accuracy/evals/gptq/Qwen__Qwen2.5-7B-Instruct-GPTQ-Int4/results_2026-04-14T17-43-33.956264.json
2026-04-14 17:45:22,Qwen/Qwen2.5-7B-Instruct-GPTQ-Int4,gptq,tier1,winogrande,5,alias,winogrande,N/A,1267,1267,/home/saketh-msc/quantization/results/accuracy/evals/gptq/Qwen__Qwen2.5-7B-Instruct-GPTQ-Int4/results_2026-04-14T17-45-21.617821.json
2026-04-14 17:56:55,Qwen/Qwen2.5-7B-Instruct-GPTQ-Int4,gptq,tier1,arc_challenge,25,alias,arc_challenge,N/A,1172,1172,/home/saketh-msc/quantization/results/accuracy/evals/gptq/Qwen__Qwen2.5-7B-Instruct-GPTQ-Int4/results_2026-04-14T17-56-54.007481.json
2026-04-14 18:00:32,Qwen/Qwen2.5-32B-Instruct,bf16,tier1,mmlu_abstract_algebra,5,alias,abstract_algebra,N/A,100,100,/home/saketh-msc/quantization/results/accuracy/evals/bf16/Qwen__Qwen2.5-32B-Instruct/results_2026-04-14T18-00-31.955601.json
2026-04-14 21:01:45,Qwen/Qwen2.5-32B-Instruct,bf16,tier1,hellaswag,10,alias,hellaswag,N/A,10042,10042,/home/saketh-msc/quantization/results/accuracy/evals/bf16/Qwen__Qwen2.5-32B-Instruct/results_2026-04-14T21-01-44.200554.json
2026-04-14 21:05:09,Qwen/Qwen2.5-32B-Instruct,bf16,tier1,winogrande,5,alias,winogrande,N/A,1267,1267,/home/saketh-msc/quantization/results/accuracy/evals/bf16/Qwen__Qwen2.5-32B-Instruct/results_2026-04-14T21-05-08.541001.json
2026-04-14 21:31:59,Qwen/Qwen2.5-32B-Instruct,bf16,tier1,arc_challenge,25,alias,arc_challenge,N/A,1172,1172,/home/saketh-msc/quantization/results/accuracy/evals/bf16/Qwen__Qwen2.5-32B-Instruct/results_2026-04-14T21-31-57.328208.json
2026-04-14 21:35:42,neuralmagic/Qwen2.5-32B-Instruct-FP8-Dynamic,fp8,tier1,mmlu_abstract_algebra,5,alias,abstract_algebra,N/A,100,100,/home/saketh-msc/quantization/results/accuracy/evals/fp8/neuralmagic__Qwen2.5-32B-Instruct-FP8-Dynamic/results_2026-04-14T21-35-41.216180.json
2026-04-15 00:04:22,neuralmagic/Qwen2.5-32B-Instruct-FP8-Dynamic,fp8,tier1,hellaswag,10,alias,hellaswag,N/A,10042,10042,/home/saketh-msc/quantization/results/accuracy/evals/fp8/neuralmagic__Qwen2.5-32B-Instruct-FP8-Dynamic/results_2026-04-15T00-04-21.534784.json
2026-04-15 00:07:19,neuralmagic/Qwen2.5-32B-Instruct-FP8-Dynamic,fp8,tier1,winogrande,5,alias,winogrande,N/A,1267,1267,/home/saketh-msc/quantization/results/accuracy/evals/fp8/neuralmagic__Qwen2.5-32B-Instruct-FP8-Dynamic/results_2026-04-15T00-07-18.264230.json
2026-04-15 00:28:57,neuralmagic/Qwen2.5-32B-Instruct-FP8-Dynamic,fp8,tier1,arc_challenge,25,alias,arc_challenge,N/A,1172,1172,/home/saketh-msc/quantization/results/accuracy/evals/fp8/neuralmagic__Qwen2.5-32B-Instruct-FP8-Dynamic/results_2026-04-15T00-28-56.747922.json
2026-04-15 00:32:19,Qwen/Qwen2.5-32B-Instruct-AWQ,awq,tier1,mmlu_abstract_algebra,5,alias,abstract_algebra,N/A,100,100,/home/saketh-msc/quantization/results/accuracy/evals/awq/Qwen__Qwen2.5-32B-Instruct-AWQ/results_2026-04-15T00-32-18.657521.json
2026-04-15 03:50:29,Qwen/Qwen2.5-32B-Instruct-AWQ,awq,tier1,hellaswag,10,alias,hellaswag,N/A,10042,10042,/home/saketh-msc/quantization/results/accuracy/evals/awq/Qwen__Qwen2.5-32B-Instruct-AWQ/results_2026-04-15T03-50-28.017298.json
2026-04-15 03:54:21,Qwen/Qwen2.5-32B-Instruct-AWQ,awq,tier1,winogrande,5,alias,winogrande,N/A,1267,1267,/home/saketh-msc/quantization/results/accuracy/evals/awq/Qwen__Qwen2.5-32B-Instruct-AWQ/results_2026-04-15T03-54-20.095352.json
2026-04-15 04:22:53,Qwen/Qwen2.5-32B-Instruct-AWQ,awq,tier1,arc_challenge,25,alias,arc_challenge,N/A,1172,1172,/home/saketh-msc/quantization/results/accuracy/evals/awq/Qwen__Qwen2.5-32B-Instruct-AWQ/results_2026-04-15T04-22-51.804306.json
2026-04-15 04:26:16,Qwen/Qwen2.5-32B-Instruct-GPTQ-Int4,gptq,tier1,mmlu_abstract_algebra,5,alias,abstract_algebra,N/A,100,100,/home/saketh-msc/quantization/results/accuracy/evals/gptq/Qwen__Qwen2.5-32B-Instruct-GPTQ-Int4/results_2026-04-15T04-26-15.235411.json
2026-04-15 07:41:58,Qwen/Qwen2.5-32B-Instruct-GPTQ-Int4,gptq,tier1,hellaswag,10,alias,hellaswag,N/A,10042,10042,/home/saketh-msc/quantization/results/accuracy/evals/gptq/Qwen__Qwen2.5-32B-Instruct-GPTQ-Int4/results_2026-04-15T07-41-57.438210.json
2026-04-15 07:45:46,Qwen/Qwen2.5-32B-Instruct-GPTQ-Int4,gptq,tier1,winogrande,5,alias,winogrande,N/A,1267,1267,/home/saketh-msc/quantization/results/accuracy/evals/gptq/Qwen__Qwen2.5-32B-Instruct-GPTQ-Int4/results_2026-04-15T07-45-45.275520.json
2026-04-15 08:13:34,Qwen/Qwen2.5-32B-Instruct-GPTQ-Int4,gptq,tier1,arc_challenge,25,alias,arc_challenge,N/A,1172,1172,/home/saketh-msc/quantization/results/accuracy/evals/gptq/Qwen__Qwen2.5-32B-Instruct-GPTQ-Int4/results_2026-04-15T08-13-32.694135.json
2026-04-15 08:52:21,meta-llama/Llama-3.2-3B-Instruct,bf16,tier1,mmlu_abstract_algebra,5,alias,abstract_algebra,N/A,100,100,/home/saketh-msc/quantization/results/accuracy/evals/bf16/meta-llama__Llama-3.2-3B-Instruct/results_2026-04-15T08-52-19.800263.json
2026-04-15 09:50:45,meta-llama/Llama-3.2-3B-Instruct,bf16,tier1,hellaswag,10,alias,hellaswag,N/A,10042,10042,/home/saketh-msc/quantization/results/accuracy/evals/bf16/meta-llama__Llama-3.2-3B-Instruct/results_2026-04-15T09-50-44.062929.json
2026-04-15 09:52:12,meta-llama/Llama-3.2-3B-Instruct,bf16,tier1,winogrande,5,alias,winogrande,N/A,1267,1267,/home/saketh-msc/quantization/results/accuracy/evals/bf16/meta-llama__Llama-3.2-3B-Instruct/results_2026-04-15T09-52-10.270390.json
2026-04-15 10:01:04,meta-llama/Llama-3.2-3B-Instruct,bf16,tier1,arc_challenge,25,alias,arc_challenge,N/A,1172,1172,/home/saketh-msc/quantization/results/accuracy/evals/bf16/meta-llama__Llama-3.2-3B-Instruct/results_2026-04-15T10-01-03.224810.json
2026-04-15 10:03:31,RedHatAI/Llama-3.2-3B-Instruct-FP8-dynamic,fp8,tier1,mmlu_abstract_algebra,5,alias,abstract_algebra,N/A,100,100,/home/saketh-msc/quantization/results/accuracy/evals/fp8/RedHatAI__Llama-3.2-3B-Instruct-FP8-dynamic/results_2026-04-15T10-03-30.427325.json
2026-04-15 10:57:53,RedHatAI/Llama-3.2-3B-Instruct-FP8-dynamic,fp8,tier1,hellaswag,10,alias,hellaswag,N/A,10042,10042,/home/saketh-msc/quantization/results/accuracy/evals/fp8/RedHatAI__Llama-3.2-3B-Instruct-FP8-dynamic/results_2026-04-15T10-57-52.871750.json
2026-04-15 10:59:29,RedHatAI/Llama-3.2-3B-Instruct-FP8-dynamic,fp8,tier1,winogrande,5,alias,winogrande,N/A,1267,1267,/home/saketh-msc/quantization/results/accuracy/evals/fp8/RedHatAI__Llama-3.2-3B-Instruct-FP8-dynamic/results_2026-04-15T10-59-28.280432.json
2026-04-15 11:07:56,RedHatAI/Llama-3.2-3B-Instruct-FP8-dynamic,fp8,tier1,arc_challenge,25,alias,arc_challenge,N/A,1172,1172,/home/saketh-msc/quantization/results/accuracy/evals/fp8/RedHatAI__Llama-3.2-3B-Instruct-FP8-dynamic/results_2026-04-15T11-07-55.131473.json
2026-04-15 11:10:06,AMead10/Llama-3.2-3B-Instruct-AWQ,awq,tier1,mmlu_abstract_algebra,5,alias,abstract_algebra,N/A,100,100,/home/saketh-msc/quantization/results/accuracy/evals/awq/AMead10__Llama-3.2-3B-Instruct-AWQ/results_2026-04-15T11-10-04.189366.json
2026-04-15 12:08:45,AMead10/Llama-3.2-3B-Instruct-AWQ,awq,tier1,hellaswag,10,alias,hellaswag,N/A,10042,10042,/home/saketh-msc/quantization/results/accuracy/evals/awq/AMead10__Llama-3.2-3B-Instruct-AWQ/results_2026-04-15T12-08-44.555229.json
2026-04-15 12:10:26,AMead10/Llama-3.2-3B-Instruct-AWQ,awq,tier1,winogrande,5,alias,winogrande,N/A,1267,1267,/home/saketh-msc/quantization/results/accuracy/evals/awq/AMead10__Llama-3.2-3B-Instruct-AWQ/results_2026-04-15T12-10-25.733327.json
2026-04-15 12:19:27,AMead10/Llama-3.2-3B-Instruct-AWQ,awq,tier1,arc_challenge,25,alias,arc_challenge,N/A,1172,1172,/home/saketh-msc/quantization/results/accuracy/evals/awq/AMead10__Llama-3.2-3B-Instruct-AWQ/results_2026-04-15T12-19-25.482237.json
2026-04-15 12:21:36,shuyuej/Llama-3.2-3B-Instruct-GPTQ,gptq,tier1,mmlu_abstract_algebra,5,alias,abstract_algebra,N/A,100,100,/home/saketh-msc/quantization/results/accuracy/evals/gptq/shuyuej__Llama-3.2-3B-Instruct-GPTQ/results_2026-04-15T12-21-34.542292.json
2026-04-15 13:20:19,shuyuej/Llama-3.2-3B-Instruct-GPTQ,gptq,tier1,hellaswag,10,alias,hellaswag,N/A,10042,10042,/home/saketh-msc/quantization/results/accuracy/evals/gptq/shuyuej__Llama-3.2-3B-Instruct-GPTQ/results_2026-04-15T13-20-17.383668.json
2026-04-15 13:21:51,shuyuej/Llama-3.2-3B-Instruct-GPTQ,gptq,tier1,winogrande,5,alias,winogrande,N/A,1267,1267,/home/saketh-msc/quantization/results/accuracy/evals/gptq/shuyuej__Llama-3.2-3B-Instruct-GPTQ/results_2026-04-15T13-21-50.422933.json
2026-04-15 13:30:49,shuyuej/Llama-3.2-3B-Instruct-GPTQ,gptq,tier1,arc_challenge,25,alias,arc_challenge,N/A,1172,1172,/home/saketh-msc/quantization/results/accuracy/evals/gptq/shuyuej__Llama-3.2-3B-Instruct-GPTQ/results_2026-04-15T13-30-48.137168.json
2026-04-15 14:08:29,google/gemma-4-31B-it,bf16,tier1,mmlu_abstract_algebra,5,alias,abstract_algebra,N/A,100,100,/home/saketh-msc/quantization/results/accuracy/evals/bf16/google__gemma-4-31B-it/results_2026-04-15T14-08-27.934500.json
2026-04-15 17:35:52,google/gemma-4-31B-it,bf16,tier1,hellaswag,10,alias,hellaswag,N/A,10042,10042,/home/saketh-msc/quantization/results/accuracy/evals/bf16/google__gemma-4-31B-it/results_2026-04-15T17-35-49.459445.json
2026-04-15 17:39:35,google/gemma-4-31B-it,bf16,tier1,winogrande,5,alias,winogrande,N/A,1267,1267,/home/saketh-msc/quantization/results/accuracy/evals/bf16/google__gemma-4-31B-it/results_2026-04-15T17-39-34.047236.json
2026-04-15 17:54:20,QuantTrio/gemma-4-31B-it-AWQ,awq,tier1,mmlu_abstract_algebra,5,alias,abstract_algebra,N/A,100,100,/home/saketh-msc/quantization/results/accuracy/evals/awq/QuantTrio__gemma-4-31B-it-AWQ/results_2026-04-15T17-54-18.915274.json
2026-04-15 21:33:40,QuantTrio/gemma-4-31B-it-AWQ,awq,tier1,hellaswag,10,alias,hellaswag,N/A,10042,10042,/home/saketh-msc/quantization/results/accuracy/evals/awq/QuantTrio__gemma-4-31B-it-AWQ/results_2026-04-15T21-33-39.751850.json
2026-04-15 21:37:40,QuantTrio/gemma-4-31B-it-AWQ,awq,tier1,winogrande,5,alias,winogrande,N/A,1267,1267,/home/saketh-msc/quantization/results/accuracy/evals/awq/QuantTrio__gemma-4-31B-it-AWQ/results_2026-04-15T21-37-39.491958.json
2026-04-15 22:10:58,QuantTrio/gemma-4-31B-it-AWQ,awq,tier1,arc_challenge,25,alias,arc_challenge,N/A,1172,1172,/home/saketh-msc/quantization/results/accuracy/evals/awq/QuantTrio__gemma-4-31B-it-AWQ/results_2026-04-15T22-10-56.836145.json
2026-04-16 08:46:06,RedHatAI/gemma-4-31B-it-FP8-block,fp8,tier1,mmlu_abstract_algebra,5,alias,abstract_algebra,N/A,100,100,/home/saketh-msc/quantization/results/accuracy/evals/fp8/RedHatAI__gemma-4-31B-it-FP8-block/results_2026-04-16T08-46-04.046648.json
2026-04-16 11:37:44,RedHatAI/gemma-4-31B-it-FP8-block,fp8,tier1,hellaswag,10,alias,hellaswag,N/A,10042,10042,/home/saketh-msc/quantization/results/accuracy/evals/fp8/RedHatAI__gemma-4-31B-it-FP8-block/results_2026-04-16T11-37-43.285836.json
2026-04-16 11:41:56,RedHatAI/gemma-4-31B-it-FP8-block,fp8,tier1,winogrande,5,alias,winogrande,N/A,1267,1267,/home/saketh-msc/quantization/results/accuracy/evals/fp8/RedHatAI__gemma-4-31B-it-FP8-block/results_2026-04-16T11-41-55.053642.json
2026-04-16 12:07:50,RedHatAI/gemma-4-31B-it-FP8-block,fp8,tier1,arc_challenge,25,alias,arc_challenge,N/A,1172,1172,/home/saketh-msc/quantization/results/accuracy/evals/fp8/RedHatAI__gemma-4-31B-it-FP8-block/results_2026-04-16T12-07-49.746480.json
2026-04-16 12:12:06,RedHatAI/gemma-4-31B-it-NVFP4,nvfp4,tier1,mmlu_abstract_algebra,5,alias,abstract_algebra,N/A,100,100,/home/saketh-msc/quantization/results/accuracy/evals/nvfp4/RedHatAI__gemma-4-31B-it-NVFP4/results_2026-04-16T12-12-04.888343.json
2026-04-16 20:29:19,RedHatAI/gemma-4-31B-it-NVFP4,nvfp4,tier1,hellaswag,10,alias,hellaswag,N/A,10042,10042,/home/saketh-msc/quantization/results/accuracy/evals/nvfp4/RedHatAI__gemma-4-31B-it-NVFP4/results_2026-04-16T20-29-18.138292.json
2026-04-16 20:35:08,RedHatAI/gemma-4-31B-it-NVFP4,nvfp4,tier1,winogrande,5,alias,winogrande,N/A,1267,1267,/home/saketh-msc/quantization/results/accuracy/evals/nvfp4/RedHatAI__gemma-4-31B-it-NVFP4/results_2026-04-16T20-35-06.557412.json
2026-04-16 21:31:11,RedHatAI/gemma-4-31B-it-NVFP4,nvfp4,tier1,arc_challenge,25,alias,arc_challenge,N/A,1172,1172,/home/saketh-msc/quantization/results/accuracy/evals/nvfp4/RedHatAI__gemma-4-31B-it-NVFP4/results_2026-04-16T21-31-10.665158.json
2026-04-16 22:04:10,neuralmagic/DeepSeek-R1-Distill-Qwen-7B-FP8-dynamic,fp8,tier2,gsm8k,5,alias,gsm8k,N/A,1319,1319,/home/saketh-msc/quantization/results/accuracy/evals/fp8/neuralmagic__DeepSeek-R1-Distill-Qwen-7B-FP8-dynamic/results_2026-04-16T22-04-09.114903.json
2026-04-16 23:18:38,neuralmagic/DeepSeek-R1-Distill-Qwen-7B-FP8-dynamic,fp8,tier2,mmlu,N/A,"acc,none",0.2996011964107677,0.0038285028928901027,N/A,N/A,/home/saketh-msc/quantization/results/accuracy/evals/fp8/neuralmagic__DeepSeek-R1-Distill-Qwen-7B-FP8-dynamic/results_2026-04-16T23-18-36.940558.json
2026-04-16 23:54:09,AngelSlim/Deepseek_r1_distill_qwen-7b_int4_awq,awq,tier2,gsm8k,5,alias,gsm8k,N/A,1319,1319,/home/saketh-msc/quantization/results/accuracy/evals/awq/AngelSlim__Deepseek_r1_distill_qwen-7b_int4_awq/results_2026-04-16T23-54-08.035993.json
2026-04-17 01:16:56,AngelSlim/Deepseek_r1_distill_qwen-7b_int4_awq,awq,tier2,mmlu,N/A,"acc,none",0.27588662583677537,0.0037511305405401683,N/A,N/A,/home/saketh-msc/quantization/results/accuracy/evals/awq/AngelSlim__Deepseek_r1_distill_qwen-7b_int4_awq/results_2026-04-17T01-16-54.725790.json
2026-04-17 01:52:41,jakiAJK/DeepSeek-R1-Distill-Qwen-7B_GPTQ-int4,gptq,tier2,gsm8k,5,alias,gsm8k,N/A,1319,1319,/home/saketh-msc/quantization/results/accuracy/evals/gptq/jakiAJK__DeepSeek-R1-Distill-Qwen-7B_GPTQ-int4/results_2026-04-17T01-52-38.632985.json
2026-04-17 03:15:42,jakiAJK/DeepSeek-R1-Distill-Qwen-7B_GPTQ-int4,gptq,tier2,mmlu,N/A,"acc,none",0.4920951431420026,0.004076092665911624,N/A,N/A,/home/saketh-msc/quantization/results/accuracy/evals/gptq/jakiAJK__DeepSeek-R1-Distill-Qwen-7B_GPTQ-int4/results_2026-04-17T03-15-41.447471.json
2026-04-17 04:50:40,deepseek-ai/DeepSeek-R1-Distill-Qwen-14B,bf16,tier2,gsm8k,5,alias,gsm8k,N/A,1319,1319,/home/saketh-msc/quantization/results/accuracy/evals/bf16/deepseek-ai__DeepSeek-R1-Distill-Qwen-14B/results_2026-04-17T04-50-39.395542.json
2026-04-17 06:39:05,deepseek-ai/DeepSeek-R1-Distill-Qwen-14B,bf16,tier2,mmlu,N/A,"acc,none",0.2296681384418174,0.0035437231070691824,N/A,N/A,/home/saketh-msc/quantization/results/accuracy/evals/bf16/deepseek-ai__DeepSeek-R1-Distill-Qwen-14B/results_2026-04-17T06-39-04.048596.json
2026-04-17 07:38:19,RedHatAI/DeepSeek-R1-Distill-Qwen-14B-FP8-dynamic,fp8,tier2,gsm8k,5,alias,gsm8k,N/A,1319,1319,/home/saketh-msc/quantization/results/accuracy/evals/fp8/RedHatAI__DeepSeek-R1-Distill-Qwen-14B-FP8-dynamic/results_2026-04-17T07-38-17.985034.json
2026-04-17 09:17:22,RedHatAI/DeepSeek-R1-Distill-Qwen-14B-FP8-dynamic,fp8,tier2,mmlu,N/A,"acc,none",0.23080757726819542,0.0035494605439120456,N/A,N/A,/home/saketh-msc/quantization/results/accuracy/evals/fp8/RedHatAI__DeepSeek-R1-Distill-Qwen-14B-FP8-dynamic/results_2026-04-17T09-17-21.066701.json
2026-04-17 10:25:39,Corianas/DeepSeek-R1-Distill-Qwen-14B-AWQ,awq,tier2,gsm8k,5,alias,gsm8k,N/A,1319,1319,/home/saketh-msc/quantization/results/accuracy/evals/awq/Corianas__DeepSeek-R1-Distill-Qwen-14B-AWQ/results_2026-04-17T10-25-38.038683.json
2026-04-17 12:23:14,Corianas/DeepSeek-R1-Distill-Qwen-14B-AWQ,awq,tier2,mmlu,N/A,"acc,none",0.4935906566016237,0.004012375133405325,N/A,N/A,/home/saketh-msc/quantization/results/accuracy/evals/awq/Corianas__DeepSeek-R1-Distill-Qwen-14B-AWQ/results_2026-04-17T12-23-13.492645.json
2026-04-17 13:30:30,RedHatAI/DeepSeek-R1-Distill-Qwen-14B-quantized.w4a16,gptq,tier2,gsm8k,5,alias,gsm8k,N/A,1319,1319,/home/saketh-msc/quantization/results/accuracy/evals/gptq/RedHatAI__DeepSeek-R1-Distill-Qwen-14B-quantized.w4a16/results_2026-04-17T13-30-29.994977.json
2026-04-17 15:27:42,RedHatAI/DeepSeek-R1-Distill-Qwen-14B-quantized.w4a16,gptq,tier2,mmlu,N/A,"acc,none",0.22952570858852014,0.0035432126451202368,N/A,N/A,/home/saketh-msc/quantization/results/accuracy/evals/gptq/RedHatAI__DeepSeek-R1-Distill-Qwen-14B-quantized.w4a16/results_2026-04-17T15-27-41.684509.json
2026-04-17 18:40:25,deepseek-ai/DeepSeek-R1-Distill-Qwen-32B,bf16,tier2,gsm8k,5,alias,gsm8k,N/A,1319,1319,/home/saketh-msc/quantization/results/accuracy/evals/bf16/deepseek-ai__DeepSeek-R1-Distill-Qwen-32B/results_2026-04-17T18-40-24.713262.json
2026-04-17 21:46:02,deepseek-ai/DeepSeek-R1-Distill-Qwen-32B,bf16,tier2,mmlu,N/A,"acc,none",0.2672696197122917,0.0037132769034477512,N/A,N/A,/home/saketh-msc/quantization/results/accuracy/evals/bf16/deepseek-ai__DeepSeek-R1-Distill-Qwen-32B/results_2026-04-17T21-46-00.771744.json
2026-04-17 23:39:54,neuralmagic/DeepSeek-R1-Distill-Qwen-32B-FP8-dynamic,fp8,tier2,gsm8k,5,alias,gsm8k,N/A,1319,1319,/home/saketh-msc/quantization/results/accuracy/evals/fp8/neuralmagic__DeepSeek-R1-Distill-Qwen-32B-FP8-dynamic/results_2026-04-17T23-39-53.097533.json
2026-04-18 00:10:34,meta-llama/Llama-3.1-8B-Instruct,bf16,tier2,gsm8k,5,alias,gsm8k,N/A,1319,1319,/home/saketh-msc/quantization/results/accuracy/evals/bf16/meta-llama__Llama-3.1-8B-Instruct/results_2026-04-18T00-10-33.602029.json
2026-04-18 01:33:57,meta-llama/Llama-3.1-8B-Instruct,bf16,tier2,mmlu,N/A,"acc,none",0.6879361914257228,0.0037294681343488342,N/A,N/A,/home/saketh-msc/quantization/results/accuracy/evals/bf16/meta-llama__Llama-3.1-8B-Instruct/results_2026-04-18T01-33-55.738164.json
2026-04-18 01:50:02,neuralmagic/Meta-Llama-3.1-8B-Instruct-FP8,fp8,tier2,gsm8k,5,alias,gsm8k,N/A,1319,1319,/home/saketh-msc/quantization/results/accuracy/evals/fp8/neuralmagic__Meta-Llama-3.1-8B-Instruct-FP8/results_2026-04-18T01-50-01.433944.json
2026-04-18 03:06:55,neuralmagic/Meta-Llama-3.1-8B-Instruct-FP8,fp8,tier2,mmlu,N/A,"acc,none",0.6838769406067512,0.003742602343754247,N/A,N/A,/home/saketh-msc/quantization/results/accuracy/evals/fp8/neuralmagic__Meta-Llama-3.1-8B-Instruct-FP8/results_2026-04-18T03-06-54.396809.json
2026-04-18 03:26:14,hugging-quants/Meta-Llama-3.1-8B-Instruct-AWQ-INT4,awq,tier2,gsm8k,5,alias,gsm8k,N/A,1319,1319,/home/saketh-msc/quantization/results/accuracy/evals/awq/hugging-quants__Meta-Llama-3.1-8B-Instruct-AWQ-INT4/results_2026-04-18T03-26-12.182203.json
2026-04-18 04:54:52,hugging-quants/Meta-Llama-3.1-8B-Instruct-AWQ-INT4,awq,tier2,mmlu,N/A,"acc,none",0.6652898447514599,0.003803773465329403,N/A,N/A,/home/saketh-msc/quantization/results/accuracy/evals/awq/hugging-quants__Meta-Llama-3.1-8B-Instruct-AWQ-INT4/results_2026-04-18T04-54-50.918659.json
2026-04-18 05:15:20,hugging-quants/Meta-Llama-3.1-8B-Instruct-GPTQ-INT4,gptq,tier2,gsm8k,5,alias,gsm8k,N/A,1319,1319,/home/saketh-msc/quantization/results/accuracy/evals/gptq/hugging-quants__Meta-Llama-3.1-8B-Instruct-GPTQ-INT4/results_2026-04-18T05-15-19.769509.json
2026-04-18 06:46:17,hugging-quants/Meta-Llama-3.1-8B-Instruct-GPTQ-INT4,gptq,tier2,mmlu,N/A,"acc,none",0.6681384418174049,0.0037899947471030943,N/A,N/A,/home/saketh-msc/quantization/results/accuracy/evals/gptq/hugging-quants__Meta-Llama-3.1-8B-Instruct-GPTQ-INT4/results_2026-04-18T06-46-15.607759.json
2026-04-18 06:59:27,meta-llama/Llama-3.2-3B-Instruct,bf16,tier2,gsm8k,5,alias,gsm8k,N/A,1319,1319,/home/saketh-msc/quantization/results/accuracy/evals/bf16/meta-llama__Llama-3.2-3B-Instruct/results_2026-04-18T06-59-26.148220.json
2026-04-18 08:03:15,meta-llama/Llama-3.2-3B-Instruct,bf16,tier2,mmlu,N/A,"acc,none",0.617148554336989,0.003932236044802712,N/A,N/A,/home/saketh-msc/quantization/results/accuracy/evals/bf16/meta-llama__Llama-3.2-3B-Instruct/results_2026-04-18T08-03-13.715680.json
2026-04-18 08:13:33,RedHatAI/Llama-3.2-3B-Instruct-FP8-dynamic,fp8,tier2,gsm8k,5,alias,gsm8k,N/A,1319,1319,/home/saketh-msc/quantization/results/accuracy/evals/fp8/RedHatAI__Llama-3.2-3B-Instruct-FP8-dynamic/results_2026-04-18T08-13-32.008656.json
2026-04-18 09:14:47,RedHatAI/Llama-3.2-3B-Instruct-FP8-dynamic,fp8,tier2,mmlu,N/A,"acc,none",0.6152969662441248,0.003942879265050948,N/A,N/A,/home/saketh-msc/quantization/results/accuracy/evals/fp8/RedHatAI__Llama-3.2-3B-Instruct-FP8-dynamic/results_2026-04-18T09-14-46.381520.json
2026-04-18 09:26:47,AMead10/Llama-3.2-3B-Instruct-AWQ,awq,tier2,gsm8k,5,alias,gsm8k,N/A,1319,1319,/home/saketh-msc/quantization/results/accuracy/evals/awq/AMead10__Llama-3.2-3B-Instruct-AWQ/results_2026-04-18T09-26-46.145414.json
2026-04-18 10:33:02,AMead10/Llama-3.2-3B-Instruct-AWQ,awq,tier2,mmlu,N/A,"acc,none",0.6043298675402364,0.003957676755355906,N/A,N/A,/home/saketh-msc/quantization/results/accuracy/evals/awq/AMead10__Llama-3.2-3B-Instruct-AWQ/results_2026-04-18T10-33-00.962819.json
2026-04-18 10:45:11,shuyuej/Llama-3.2-3B-Instruct-GPTQ,gptq,tier2,gsm8k,5,alias,gsm8k,N/A,1319,1319,/home/saketh-msc/quantization/results/accuracy/evals/gptq/shuyuej__Llama-3.2-3B-Instruct-GPTQ/results_2026-04-18T10-45-10.931591.json
2026-04-18 11:51:01,shuyuej/Llama-3.2-3B-Instruct-GPTQ,gptq,tier2,mmlu,N/A,"acc,none",0.5774818401937046,0.004000978031783231,N/A,N/A,/home/saketh-msc/quantization/results/accuracy/evals/gptq/shuyuej__Llama-3.2-3B-Instruct-GPTQ/results_2026-04-18T11-50-59.910954.json
2026-04-18 12:28:38,Qwen/Qwen2.5-7B-Instruct,bf16,tier2,gsm8k,5,alias,gsm8k,N/A,1319,1319,/home/saketh-msc/quantization/results/accuracy/evals/bf16/Qwen__Qwen2.5-7B-Instruct/results_2026-04-18T12-28-37.381874.json
2026-04-18 13:49:41,Qwen/Qwen2.5-7B-Instruct,bf16,tier2,mmlu,N/A,"acc,none",0.735080472867113,0.003556168684002303,N/A,N/A,/home/saketh-msc/quantization/results/accuracy/evals/bf16/Qwen__Qwen2.5-7B-Instruct/results_2026-04-18T13-49-39.936723.json
2026-04-18 14:16:35,neuralmagic/Qwen2.5-7B-Instruct-FP8-Dynamic,fp8,tier2,gsm8k,5,alias,gsm8k,N/A,1319,1319,/home/saketh-msc/quantization/results/accuracy/evals/fp8/neuralmagic__Qwen2.5-7B-Instruct-FP8-Dynamic/results_2026-04-18T14-16-34.503741.json
2026-04-18 15:32:50,neuralmagic/Qwen2.5-7B-Instruct-FP8-Dynamic,fp8,tier2,mmlu,N/A,"acc,none",0.7340834638940322,0.0035578886373440724,N/A,N/A,/home/saketh-msc/quantization/results/accuracy/evals/fp8/neuralmagic__Qwen2.5-7B-Instruct-FP8-Dynamic/results_2026-04-18T15-32-48.705780.json
2026-04-18 16:02:20,Qwen/Qwen2.5-7B-Instruct-AWQ,awq,tier2,gsm8k,5,alias,gsm8k,N/A,1319,1319,/home/saketh-msc/quantization/results/accuracy/evals/awq/Qwen__Qwen2.5-7B-Instruct-AWQ/results_2026-04-18T16-02-19.117948.json
2026-04-18 17:26:38,Qwen/Qwen2.5-7B-Instruct-AWQ,awq,tier2,mmlu,N/A,"acc,none",0.7196268337843612,0.0036101964879381773,N/A,N/A,/home/saketh-msc/quantization/results/accuracy/evals/awq/Qwen__Qwen2.5-7B-Instruct-AWQ/results_2026-04-18T17-26-37.291903.json
2026-04-18 17:55:26,Qwen/Qwen2.5-7B-Instruct-GPTQ-Int4,gptq,tier2,gsm8k,5,alias,gsm8k,N/A,1319,1319,/home/saketh-msc/quantization/results/accuracy/evals/gptq/Qwen__Qwen2.5-7B-Instruct-GPTQ-Int4/results_2026-04-18T17-55-24.703383.json
2026-04-18 19:19:40,Qwen/Qwen2.5-7B-Instruct-GPTQ-Int4,gptq,tier2,mmlu,N/A,"acc,none",0.7214784218772254,0.00361134189565619,N/A,N/A,/home/saketh-msc/quantization/results/accuracy/evals/gptq/Qwen__Qwen2.5-7B-Instruct-GPTQ-Int4/results_2026-04-18T19-19-39.558158.json
2026-04-18 21:35:09,Qwen/Qwen2.5-32B-Instruct,bf16,tier2,gsm8k,5,alias,gsm8k,N/A,1319,1319,/home/saketh-msc/quantization/results/accuracy/evals/bf16/Qwen__Qwen2.5-32B-Instruct/results_2026-04-18T21-35-08.596817.json
2026-04-19 00:37:38,Qwen/Qwen2.5-32B-Instruct,bf16,tier2,mmlu,N/A,"acc,none",0.8249537102976784,0.0030915942266104457,N/A,N/A,/home/saketh-msc/quantization/results/accuracy/evals/bf16/Qwen__Qwen2.5-32B-Instruct/results_2026-04-19T00-37-37.494639.json
2026-04-19 01:58:18,neuralmagic/Qwen2.5-32B-Instruct-FP8-Dynamic,fp8,tier2,gsm8k,5,alias,gsm8k,N/A,1319,1319,/home/saketh-msc/quantization/results/accuracy/evals/fp8/neuralmagic__Qwen2.5-32B-Instruct-FP8-Dynamic/results_2026-04-19T01-58-18.007164.json
2026-04-19 04:20:52,neuralmagic/Qwen2.5-32B-Instruct-FP8-Dynamic,fp8,tier2,mmlu,N/A,"acc,none",0.8248112804443811,0.0030888368919361393,N/A,N/A,/home/saketh-msc/quantization/results/accuracy/evals/fp8/neuralmagic__Qwen2.5-32B-Instruct-FP8-Dynamic/results_2026-04-19T04-20-51.345177.json
2026-04-19 05:53:43,Qwen/Qwen2.5-32B-Instruct-AWQ,awq,tier2,gsm8k,5,alias,gsm8k,N/A,1319,1319,/home/saketh-msc/quantization/results/accuracy/evals/awq/Qwen__Qwen2.5-32B-Instruct-AWQ/results_2026-04-19T05-53-42.529759.json
2026-04-19 12:34:59,Qwen/Qwen2.5-32B-Instruct-AWQ,awq,tier2,mmlu,N/A,"acc,none",0.8186155818259507,0.003128539119808991,N/A,N/A,/home/saketh-msc/quantization/results/accuracy/evals/awq/Qwen__Qwen2.5-32B-Instruct-AWQ/results_2026-04-19T12-34-58.071076.json
2026-04-19 14:11:22,Qwen/Qwen2.5-32B-Instruct-GPTQ-Int4,gptq,tier2,gsm8k,5,alias,gsm8k,N/A,1319,1319,/home/saketh-msc/quantization/results/accuracy/evals/gptq/Qwen__Qwen2.5-32B-Instruct-GPTQ-Int4/results_2026-04-19T14-11-20.940242.json
2026-04-19 17:37:09,Qwen/Qwen2.5-32B-Instruct-GPTQ-Int4,gptq,tier2,mmlu,N/A,"acc,none",0.8199686654322746,0.003118857638971769,N/A,N/A,/home/saketh-msc/quantization/results/accuracy/evals/gptq/Qwen__Qwen2.5-32B-Instruct-GPTQ-Int4/results_2026-04-19T17-37-08.704339.json
2026-04-19 18:31:52,Qwen/Qwen3-8B,bf16,tier2,gsm8k,5,alias,gsm8k,N/A,1319,1319,/home/saketh-msc/quantization/results/accuracy/evals/bf16/Qwen__Qwen3-8B/results_2026-04-19T18-31-51.751675.json
2026-04-19 19:58:17,Qwen/Qwen3-8B,bf16,tier2,mmlu,N/A,"acc,none",0.28656886483406924,0.0037583228232375837,N/A,N/A,/home/saketh-msc/quantization/results/accuracy/evals/bf16/Qwen__Qwen3-8B/results_2026-04-19T19-58-15.767782.json
2026-04-19 20:38:27,Qwen/Qwen3-8B-FP8,fp8,tier2,gsm8k,5,alias,gsm8k,N/A,1319,1319,/home/saketh-msc/quantization/results/accuracy/evals/fp8/Qwen__Qwen3-8B-FP8/results_2026-04-19T20-38-26.468061.json
2026-04-19 22:11:51,Qwen/Qwen3-8B-FP8,fp8,tier2,gsm8k,5,alias,gsm8k,N/A,1319,1319,/home/saketh-msc/quantization/results/accuracy/evals/fp8/Qwen__Qwen3-8B-FP8/results_2026-04-19T22-11-50.675169.json
2026-04-20 01:32:12,Qwen/Qwen3-32B,bf16,tier2,gsm8k,5,alias,gsm8k,N/A,1319,1319,/home/saketh-msc/quantization/results/accuracy/evals/bf16/Qwen__Qwen3-32B/results_2026-04-20T01-32-11.541702.json
2026-04-20 05:17:26,RedHatAI/gemma-4-31B-it-FP8-block,fp8,tier2,gsm8k,5,alias,gsm8k,N/A,1319,1319,/home/saketh-msc/quantization/results/accuracy/evals/fp8/RedHatAI__gemma-4-31B-it-FP8-block/results_2026-04-20T05-17-24.717223.json
2026-04-20 08:35:05,RedHatAI/gemma-4-31B-it-FP8-block,fp8,tier2,mmlu,N/A,"acc,none",0.8753738783649053,0.002698302441385398,N/A,N/A,/home/saketh-msc/quantization/results/accuracy/evals/fp8/RedHatAI__gemma-4-31B-it-FP8-block/results_2026-04-20T08-35-04.124666.json
2026-04-20 11:28:37,QuantTrio/gemma-4-31B-it-AWQ,awq,tier2,gsm8k,5,alias,gsm8k,N/A,1319,1319,/home/saketh-msc/quantization/results/accuracy/evals/awq/QuantTrio__gemma-4-31B-it-AWQ/results_2026-04-20T11-28-36.436423.json
2026-04-20 15:34:35,QuantTrio/gemma-4-31B-it-AWQ,awq,tier2,mmlu,N/A,"acc,none",0.8667568722404216,0.0027768799585387496,N/A,N/A,/home/saketh-msc/quantization/results/accuracy/evals/awq/QuantTrio__gemma-4-31B-it-AWQ/results_2026-04-20T15-34-34.130402.json
2026-04-20 19:32:52,Qwen/Qwen3-32B,bf16,tier2,gsm8k,5,alias,gsm8k,N/A,1319,1319,/home/saketh-msc/quantization/results/accuracy/evals/bf16/Qwen__Qwen3-32B/results_2026-04-20T19-32-50.588206.json
2026-04-20 23:09:49,google/gemma-4-31B-it,bf16,tier2,gsm8k,5,alias,gsm8k,N/A,1319,1319,/home/saketh-msc/quantization/results/accuracy/evals/bf16/google__gemma-4-31B-it/results_2026-04-20T23-09-48.294458.json
2026-04-21 02:27:50,RedHatAI/gemma-4-31B-it-NVFP4,nvfp4,tier2,gsm8k,5,alias,gsm8k,N/A,1319,1319,/home/saketh-msc/quantization/results/accuracy/evals/nvfp4/RedHatAI__gemma-4-31B-it-NVFP4/results_2026-04-21T02-27-49.759790.json
2026-04-21 03:20:28,deepseek-ai/DeepSeek-R1-Distill-Qwen-7B,bf16,tier2,gsm8k,5,alias,gsm8k,N/A,1319,1319,/home/saketh-msc/quantization/results/accuracy/evals/bf16/deepseek-ai__DeepSeek-R1-Distill-Qwen-7B/results_2026-04-21T03-20-27.217472.json
2026-04-21 04:39:04,deepseek-ai/DeepSeek-R1-Distill-Qwen-7B,bf16,tier2,mmlu,N/A,"acc,none",0.30558325024925226,0.0038476900849415676,N/A,N/A,/home/saketh-msc/quantization/results/accuracy/evals/bf16/deepseek-ai__DeepSeek-R1-Distill-Qwen-7B/results_2026-04-21T04-39-03.514618.json
2026-04-21 06:32:49,Qwen/Qwen3-32B-FP8,fp8,tier2,gsm8k,5,alias,gsm8k,N/A,1319,1319,/home/saketh-msc/quantization/results/accuracy/evals/fp8/Qwen__Qwen3-32B-FP8/results_2026-04-21T06-32-47.755222.json
2026-04-21 11:15:44,neuralmagic/DeepSeek-R1-Distill-Qwen-32B-FP8-dynamic,fp8,tier2,mmlu,N/A,"acc,none",0.27353653325737076,0.0037363848878406913,N/A,N/A,/home/saketh-msc/quantization/results/accuracy/evals/fp8/neuralmagic__DeepSeek-R1-Distill-Qwen-32B-FP8-dynamic/results_2026-04-21T11-15-43.493745.json
2026-04-21 13:21:41,inarikami/DeepSeek-R1-Distill-Qwen-32B-AWQ,awq,tier2,gsm8k,5,alias,gsm8k,N/A,1319,1319,/home/saketh-msc/quantization/results/accuracy/evals/awq/inarikami__DeepSeek-R1-Distill-Qwen-32B-AWQ/results_2026-04-21T13-21-40.619363.json
2026-04-21 16:19:45,inarikami/DeepSeek-R1-Distill-Qwen-32B-AWQ,awq,tier2,mmlu,N/A,"acc,none",0.6865831078193989,0.0035745955834968527,N/A,N/A,/home/saketh-msc/quantization/results/accuracy/evals/awq/inarikami__DeepSeek-R1-Distill-Qwen-32B-AWQ/results_2026-04-21T16-19-45.019636.json
2026-04-21 18:18:34,dwetzel/DeepSeek-R1-Distill-Qwen-32B-GPTQ-INT4,gptq,tier2,gsm8k,5,alias,gsm8k,N/A,1319,1319,/home/saketh-msc/quantization/results/accuracy/evals/gptq/dwetzel__DeepSeek-R1-Distill-Qwen-32B-GPTQ-INT4/results_2026-04-21T18-18-33.410752.json
2026-04-21 21:15:52,dwetzel/DeepSeek-R1-Distill-Qwen-32B-GPTQ-INT4,gptq,tier2,mmlu,N/A,"acc,none",0.6595214356929212,0.003587860704391585,N/A,N/A,/home/saketh-msc/quantization/results/accuracy/evals/gptq/dwetzel__DeepSeek-R1-Distill-Qwen-32B-GPTQ-INT4/results_2026-04-21T21-15-51.891014.json
2026-04-22 00:45:14,Qwen/Qwen3-32B,bf16,tier2,mmlu,N/A,"acc,none",0.44943740207947586,0.00407644842391769,N/A,N/A,/home/saketh-msc/quantization/results/accuracy/evals/bf16/Qwen__Qwen3-32B/results_2026-04-22T00-45-14.165143.json
2026-04-22 03:08:43,Qwen/Qwen3-32B-FP8,fp8,tier2,mmlu,N/A,"acc,none",0.38513032331576696,0.00403746773219256,N/A,N/A,/home/saketh-msc/quantization/results/accuracy/evals/fp8/Qwen__Qwen3-32B-FP8/results_2026-04-22T03-08-42.621577.json
2026-04-22 05:23:40,Qwen/Qwen3-32B-AWQ,awq,tier2,gsm8k,5,alias,gsm8k,N/A,1319,1319,/home/saketh-msc/quantization/results/accuracy/evals/awq/Qwen__Qwen3-32B-AWQ/results_2026-04-22T05-23-40.171853.json
2026-04-22 08:47:45,Qwen/Qwen3-32B-AWQ,awq,tier2,mmlu,N/A,"acc,none",0.418031619427432,0.004066777237016391,N/A,N/A,/home/saketh-msc/quantization/results/accuracy/evals/awq/Qwen__Qwen3-32B-AWQ/results_2026-04-22T08-47-44.949482.json
2026-04-22 11:02:33,JunHowie/Qwen3-32B-GPTQ-Int4,gptq,tier2,gsm8k,5,alias,gsm8k,N/A,1319,1319,/home/saketh-msc/quantization/results/accuracy/evals/gptq/JunHowie__Qwen3-32B-GPTQ-Int4/results_2026-04-22T11-02-32.249512.json
2026-04-22 14:48:19,JunHowie/Qwen3-32B-GPTQ-Int4,gptq,tier2,mmlu,N/A,"acc,none",0.4065660162370033,0.004060012123985766,N/A,N/A,/home/saketh-msc/quantization/results/accuracy/evals/gptq/JunHowie__Qwen3-32B-GPTQ-Int4/results_2026-04-22T14-48-19.134666.json
2026-04-22 16:09:45,Qwen/Qwen3-8B-FP8,fp8,tier2,mmlu,N/A,"acc,none",0.2773109243697479,0.00371601647716075,N/A,N/A,/home/saketh-msc/quantization/results/accuracy/evals/fp8/Qwen__Qwen3-8B-FP8/results_2026-04-22T16-09-31.727902.json
2026-04-22 16:58:09,Qwen/Qwen3-8B-AWQ,awq,tier2,gsm8k,5,alias,gsm8k,N/A,1319,1319,/home/saketh-msc/quantization/results/accuracy/evals/awq/Qwen__Qwen3-8B-AWQ/results_2026-04-22T16-57-57.378848.json
2026-04-22 19:05:59,Qwen/Qwen3-8B-AWQ,awq,tier2,mmlu,N/A,"acc,none",0.23052271756160092,0.0035475569054695903,N/A,N/A,/home/saketh-msc/quantization/results/accuracy/evals/awq/Qwen__Qwen3-8B-AWQ/results_2026-04-22T19-05-56.664475.json
2026-04-22 19:52:16,JunHowie/Qwen3-8B-GPTQ-Int4,gptq,tier2,gsm8k,5,alias,gsm8k,N/A,1319,1319,/home/saketh-msc/quantization/results/accuracy/evals/gptq/JunHowie__Qwen3-8B-GPTQ-Int4/results_2026-04-22T19-52-03.643634.json
2026-04-22 22:06:06,JunHowie/Qwen3-8B-GPTQ-Int4,gptq,tier2,mmlu,N/A,"acc,none",0.2347243982338698,0.00357038096605832,N/A,N/A,/home/saketh-msc/quantization/results/accuracy/evals/gptq/JunHowie__Qwen3-8B-GPTQ-Int4/results_2026-04-22T22-05-56.983302.json
